"Bill got in the habit of asking himself “Is that thought true?” and if he wasn’t absolutely certain it was, he just let it go."
"Be a voice, not an echo."
"The human voice is the most perfect instrument of all."
"I'm sorry Dave. I'm afraid I can't do that."
"This cake is great. It's so delicious and moist."
"Generative adversarial network or variational auto-encoder."
"Scientists at the CERN laboratory say they have discovered a new particle."
"Here’s a way to measure the acute emotional intelligence that has never gone out of style."
"President Trump met with other leaders at the Group of 20 conference."
"The buses aren't the problem, they actually provide a solution."
"Basilar membrane and otolaryngology are not auto-correlations."
" He has read the whole thing."
"He reads books."
"Thisss isrealy awhsome."
"This is your internet browser, Firefox."
"This is your internet browser Firefox."
"The quick brown fox jumps over the lazy dog."
"Does the quick brown fox jump over the lazy dog?"
"Eren, how are you?"
"Encouraged, he started with a minute a day."
"His meditation consisted of “body scanning” which involved focusing his mind and energy on each section of the body from head to toe ."
"Recent research at Harvard has shown meditating for as little as 8 weeks can actually increase the grey matter in the parts of the brain responsible for emotional regulation and learning . "
"If he decided to watch TV he really watched it."
"Often we try to bring about change through sheer effort and we put all of our energy into a new initiative ."
"In our preparation for Easter, God in his providence offers us each year the season of Lent as a sacramental sign of our conversion."